확인시각,인물,플랫폼,게시시각표기,내용요약,링크
2026-08-15 01:22,더불어민주당 대표(정청래),Facebook(cheongrae1),2시간,"정청래의 알콩달콩 역사의 뿌리를 생각하는 8.15 광복절 입니다. 우리가 사는 오늘은 선배 열사들이 그토록 열망하던 미래 입니다. 오늘의 자유와 독립, 민주주의를 위해 헌신, 희생하신 선배독립열사들께 감사드립니다. 한문자 정청래 당대표 되면 총선에 지고도 이겼다고 우겨댈게 뻔하다. 이번 전대 당대표는 김민석이 되어야 합니다.",https://www.facebook.com/cheongrae1/posts/pfbid0o6Qg6CmrmdsVmqj6pJaf2kXZoVA71wdBMxYNH6hwzB1PZ11hazSYJe5tndK6k393l
2026-08-15 01:22,더불어민주당 대표(정청래),Facebook(cheongrae1),1시간,한문자 정청래 당대표 되면 총선에 지고도 이겼다고 우겨댈게 뻔하다. 이번 전대 당대표는 김민석이 되어야 합니다.,https://www.facebook.com/cheongrae1/posts/pfbid0o6Qg6CmrmdsVmqj6pJaf2kXZoVA71wdBMxYNH6hwzB1PZ11hazSYJe5tndK6k393l?comment_id=1762260564777849
2026-08-15 01:22,더불어민주당 원내대표(한병도),Facebook(hbd7851),30분,<오늘은 제81주년 광복절입니다>… 더 보기,https://www.facebook.com/hbd7851/posts/pfbid04ntr14u61yH1fjShczTXjTH7GAh6kEoFqQbPo3qJu5kJNyZaXJ5cnqrKU4m4g66il
2026-08-15 01:22,국민의힘 원내대표(정점식),Facebook(jsjeong0403),48분,"Younggook Jung 엄중한 시대, 온힘을 다해 중책을 수행하고 계신 정점식 의원님, 원내대표님께 박수를 보냅니다.",https://www.facebook.com/jsjeong0403/posts/pfbid02zXXo1adEQ6xfJmZfP3dSCEeqHw6TdoDHFdAdZbxmaFpYH3TXakdoLogMzZDyd1Ktl?comment_id=1052523607171414
2026-08-14 17:57,더불어민주당 대표(정청래),Facebook(cheongrae1),3시간,Halsun Man 도대체 몇분 간격으로 올리노ㅎ,https://www.facebook.com/cheongrae1/posts/pfbid046hs8VA2NuBH161yiHxPdybWRdYz1we95H3FbZ57q4H2LFGd2jTjmtd2XeK9pDtUl?comment_id=27157268507280470
2026-08-14 17:57,더불어민주당 대표(정청래),Facebook(cheongrae1),1시간,강지영,https://www.facebook.com/photo.php?fbid=122237882882281254&set=p.122237882882281254&type=3
2026-08-14 15:06,과기정통부 장관 겸 과학기술부총리(배경훈),X(@msitminister),8월 11일,정부 행정 혁신과 대국민 AI 서비스 개발을 전담하는 '국민AI서비스혁신추진단' 출범 및 가동,https://x.com/msitminister
2026-08-14 10:07,방통위(김종철),X(@jkim386_kmcc),16m,2027~2028년도 공익채널 및 장애인복지채널 선정·인정 신청 접수 개시,https://x.com/jkim386_kmcc
2026-08-14 10:07,방통위(김종철),Facebook(jkim386.kmcc),1시간,2027~2028년도 공익채널 및 장애인복지채널 선정·인정 신청 접수 개시,https://www.facebook.com/jkim386.kmcc/posts/pfbid0jrtrNzFivHfo4dBCBPtsivuSNBe3jNun1TsCkcqJKDZtPc119q1ATwc86PMPgyZXl
2026-08-14 08:21,더불어민주당 대표(정청래),Facebook(cheongrae1),32분,"<광진구 재가노인복지기관, 여름 폭염대응 어르신 지원 자원봉사>",https://www.facebook.com/cheongrae1/posts/pfbid02MxZY8LH6h4Xm6MDoeo7tsUVzHRAKP4ZwEsqFnwarYmtw7Pab3i9taqQsro51FtfWl
2026-08-14 08:21,국민의힘 대표(장동혁),Facebook(dhjang6971),3시간,배윤호 이제 뉴스에서 매일 개헌얘기 볼듯. 특히 MBC.,https://www.facebook.com/dhjang6971/posts/pfbid0t26t59XBYhEWrHwLHDa1rxbwHZCWvsbRuoxzhCyXUHbbZ2cNDh4ZANDExgEFDLVfl?comment_id=2598671590582826
2026-08-14 08:21,국민의힘 원내대표(정점식),Facebook(jsjeong0403),1시간,"수사기간 종료를 앞둔 2차 종합특검이 폐업정리 기소대방출을 하고 있습니다. 급기야 오늘은 우리 야당 의원들을 4명이나 무더기 기소했습니다. 
영장기각률 65%를 자랑하는 종합특검답게, 혐의 입증이나 법리적 검토보다는 오로지 정치적 계산에 근거한 망신주기식 기소입니다.
공무집행방해죄가 성립하려면 폭행 또는 협박 행위가 있어야 합니다. 당시 우리당 의원들이 어떤 폭행 또는 협박을 저질렀습니까? 기소된 의원들은 오히려 폭력 충돌이 없도록 현장에서 자제시킨 의원들입니다.… 더 보기",https://www.facebook.com/jsjeong0403/posts/pfbid02SL3Bcj21SKEKa8bm7L1shupybsaqoopWFKVkC4Ze8G3R1WGUfM4tSEgVXnw5XaFul
2026-08-13 18:00,방통위(김종철),X(@jkim386_kmcc),8월 4일,방송통신위원회의 불법스팸 및 보이스피싱 예방 홍보 콘텐츠 소개,https://x.com/jkim386_kmcc
2026-08-13 04:54,과기정통부 장관 겸 과학기술부총리(배경훈),X(@msitminister),2h,‘미래기술 국민대화’를 통한 대한민국의 7대 미래기술 비전 발표,https://x.com/msitminister
2026-08-13 02:08,더불어민주당 대표(정청래),Facebook(cheongrae1),5분,"정청래의 알콩달콩 송영길, 정청래에 격해지는 입…""붕어 아이큐·돌팔이 의사"" 지난번에는 ""역적, 목 잘라야""라는 극언을 서슴치 않더니 이제 ""붕어 아이큐""까지, 이거 너무 심하지 않습니까? 김민석이 시켰습니까? 아니면 송영길의 독특한 인간성 입니까? 윤중길 징역후유증인듯 생각드네요 독방에 오래있음. 시간이 필요할듯요~~^",https://www.facebook.com/cheongrae1/posts/pfbid0SRVvnr1oT5hZJmvk2FqRYHCnnEojaAniN4Yieehst8n9nUBK6wMRKSNCgbf2iK4Cl
2026-08-13 02:08,더불어민주당 대표(정청래),Facebook(cheongrae1),1분,윤중길 징역후유증인듯 생각드네요 독방에 오래있음. 시간이 필요할듯요~~^,https://www.facebook.com/cheongrae1/posts/pfbid0SRVvnr1oT5hZJmvk2FqRYHCnnEojaAniN4Yieehst8n9nUBK6wMRKSNCgbf2iK4Cl?comment_id=1069708562380250
2026-08-12 11:50,대통령(이재명),X(@Jaemyung_Lee),2m,"포르투갈, 아랍에미리트, 미국, 아일랜드 신임 주한대사님들로부터 신임장을 제출받았습니다. 양국이 보다 깊은 우정을 쌓아갈 수 있도록 든든한 가교가 되어주시길 당부드렸습니다. 대한민국에 대한 애정과 협력 의지를 보여주신 대사님들께 감사드립니다. 앞으로 다양한 분야에서 양국 국민이 더 보기",https://x.com/Jaemyung_Lee
2026-08-12 11:50,더불어민주당 대표(정청래),Facebook(cheongrae1),41분,"정청래의 알콩달콩 [정청래 TV떴다!] 민주당을 민주당 답게, 더 강력한 개혁지도부 . 오늘 20:30 라이브(출연:정청래, 최민희, 한민수, 이성윤) Seonbog Choi 정청래 쵝오!! 힘내세요 화이팅!!",https://www.facebook.com/cheongrae1/posts/pfbid02h8DAppSptMk3PFd4atUjBtztmauhzMnZoxU3tbt56Gr8LHa4aAAuG3yJwzvKeTREl
2026-08-12 11:50,더불어민주당 대표(정청래),Facebook(cheongrae1),10분,Seonbog Choi 정청래 쵝오!! 힘내세요 화이팅!!,https://www.facebook.com/cheongrae1/posts/pfbid02h8DAppSptMk3PFd4atUjBtztmauhzMnZoxU3tbt56Gr8LHa4aAAuG3yJwzvKeTREl?comment_id=1688473118897366
2026-08-12 11:50,더불어민주당 원내대표(한병도),Facebook(hbd7851),34분,<국민의힘은 공개 재검표에 즉각 협조하라!>… 더 보기,https://www.facebook.com/reel/1372670710908808/
2026-08-12 11:50,더불어민주당 원내대표(한병도),Facebook(hbd7851),10분,박민규 국민신문고는 국민이 제기한 민원을 접수하고 처리 과정과 답변을 확인할 수 있는 체계를 운영하고 있습니다.,https://www.facebook.com/reel/1372670710908808/?comment_id=1723418032139380
2026-08-12 10:09,방통위(김종철),X(@jkim386_kmcc),6m,방송 및 디지털 플랫폼 시장의 공정한 발전과 방송광고 규제 완화를 위한 방송법 시행령 개정안 심의,https://x.com/jkim386_kmcc
2026-08-12 10:09,방통위(김종철),Facebook(jkim386.kmcc),8분,방송 및 디지털 플랫폼 시장의 공정하고 지속가능한 발전을 위한 안건 심의,https://www.facebook.com/jkim386.kmcc/posts/pfbid0L8jinhZSrd9yTJWd2ddapjzeniBBCft4nYwcTD28DDJLkTPoDjTBxt8pQ2ZGZibzl
2026-08-12 08:21,국민의힘 대표(장동혁),Facebook(dhjang6971),21분,KAIST 공동 연구팀의 네이버 뉴스 내 해외 연계 의심 악성 댓글 계정 분석 결과 및 여론 조작 우려,https://www.facebook.com/dhjang6971/posts/pfbid02Wgy7KdhqsAdDuAvj5c3rh19RF4DSefLq3ZjZZuiqzWXXkMVXsKJS7uJ52r64KWe4l
2026-08-12 08:21,과기정통부 장관 겸 과학기술부총리(배경훈),X(@msitminister),11h,국내 독자 AI 파운데이션 모델 개발 프로젝트 참여 팀들의 글로벌 경쟁력 지표 등재 성과,https://x.com/msitminister
2026-08-11 21:52,과기정통부 장관 겸 과학기술부총리(배경훈),X(@msitminister),46m,국내 독자 AI 파운데이션 모델 개발 프로젝트 참여 팀들의 글로벌 지표 등재 성과,https://x.com/msitminister
2026-08-11 21:52,과기정통부 장관 겸 과학기술부총리(배경훈),X(@msitminister),55m,공공 분야 AI 도입 및 정부 업무 방식 혁신을 위한 '국민AI혁신서비스추진단' 출범,https://x.com/msitminister
2026-08-11 15:01,개인정보보호위원회(송경희),Facebook(profile.php?id=100052519089631),2시간,이용자 개인정보 보호를 위한 스크래핑 방식의 안전한 API 단계적 전환 추진,https://www.facebook.com/permalink.php?story_fbid=pfbid0Zdt9So8CMYWLAwBct5g9RfvQ9KhHmbvsM8VbU91BvsBeYBmxC6vrxZZZSrcnbrZ2l&id=100052519089631
2026-08-11 13:11,개인정보보호위원회(송경희),X(@kh_song8),50m,금융·생활 서비스의 스크래핑 방식에 따른 개인정보 보안 위험과 개인정보보호위원회의 대응 방안,https://x.com/kh_song8
2026-08-11 13:11,개인정보보호위원회(송경희),Facebook(profile.php?id=100052519089631),50분,개인정보보호위원회의 보안 강화를 위한 스크래핑 방식의 API 단계적 전환 추진,https://www.facebook.com/permalink.php?story_fbid=pfbid0Zdt9So8CMYWLAwBct5g9RfvQ9KhHmbvsM8VbU91BvsBeYBmxC6vrxZZZSrcnbrZ2l&id=100052519089631
2026-08-10 09:26,방통위(김종철),X(@jkim386_kmcc),25m,싱가포르 '2026 ATF' 참가 국내 방송콘텐츠 기업 및 제작사 모집과 해외 진출 지원,https://x.com/jkim386_kmcc
2026-08-10 09:26,방통위(김종철),Facebook(jkim386.kmcc),34분,싱가포르 '2026 ATF' 참가 국내 방송콘텐츠 기업 및 제작사 모집과 해외 진출 지원,https://www.facebook.com/jkim386.kmcc/posts/pfbid0e2zkokuXM5PtJos6cHNURxp2kYBmc1TJpii3Nn79UPjSydbNyDBJXNUdA9MAVDyPl
2026-08-10 05:42,국민의힘 대표(장동혁),Facebook(dhjang6971),38분,반도체 산업 주 52시간 근무제 예외 적용 및 세제 쟁점을 둘러싼 갈등,https://www.facebook.com/dhjang6971/posts/pfbid02pMU379xKP2xQsLa3RKRksJyt2qwAyDbDbvtSQSh2WTfE3QixY6fi9SCp1o8Xw2Dcl
2026-08-10 04:00,과기정통부 장관 겸 과학기술부총리(배경훈),X(@msitminister),1h,AI 격차 해소를 위한 대국민 교육 플랫폼 '모두의 AI 성장사다리' 출범 및 초기 이용 현황,https://x.com/msitminister
2026-08-09 16:39,더불어민주당 원내대표(한병도),Facebook(hbd7851),42분,Mun HongGi 황현 그중심에 그분이 있다는게 문제죠~,https://www.facebook.com/hbd7851/posts/pfbid02EanQWJnP5DVBfoNRxknB5JoVQMJCytCBHGGjZnteGDo4HRXha3NegDeusopH4XyQl?comment_id=3352063238306663&reply_comment_id=1029171386762718
2026-08-09 10:38,국민의힘 대표(장동혁),Facebook(dhjang6971),15분,반도체 공장 유치에 따른 지역 인프라 비용 및 지방세수 혜택에 대한 의문 제기,https://www.facebook.com/dhjang6971/posts/pfbid02KsSmzASS6QtkPVi4PVCVRqZwezMeZm1MBQm1zqLRZhvFktLzfD8Hb54wYjUdG3yql?comment_id=1580224333598672
2026-08-07 10:56,개인정보보호위원회(송경희),X(@kh_song8),1h,개인정보보호위원회의 AI 코딩 기술 및 AX(인공지능 전환) 학습을 통한 행정 업무 혁신 추진,https://x.com/kh_song8
2026-08-07 10:56,개인정보보호위원회(송경희),Facebook(profile.php?id=100052519089631),1시간,인공지능 전환(AX) 및 업무 혁신을 위한 내부 연구모임 'AX 엔진룸' 참여,https://www.facebook.com/permalink.php?story_fbid=pfbid02AfWtarG5cgpGHSko3FGHE1yedDJYUiDrUYVLsY2uFfTBgXDijYnWBLCkDqnnra3xl&id=100052519089631
2026-08-07 03:53,과기정통부 장관 겸 과학기술부총리(배경훈),X(@msitminister),2h,디지털 및 스마트폰 과의존 예방·상담을 지원하는 서울 스마트쉼센터 방문,https://x.com/msitminister
2026-08-06 14:15,개인정보보호위원회(송경희),X(@kh_song8),1h,AI 시대 개인정보 제도 혁신을 위한 대국민 정책 제안 접수,https://x.com/kh_song8
2026-08-06 14:15,개인정보보호위원회(송경희),Facebook(profile.php?id=100052519089631),1시간,AI 시대 개인정보 제도 혁신을 위한 대국민 정책 제안 접수,https://www.facebook.com/permalink.php?story_fbid=pfbid02XZCdvymNCP964JxkZw9CLyCWbdsN1LrZ9m8egp2xnjWyWjkY4yAx4AM5Z53soSoZl&id=100052519089631
2026-08-05 19:39,더불어민주당 대표(정청래),Facebook(cheongrae1),3시간,안미옥 이분 많이 이상해 심각해. 병원 가봐야 할것 같아. 비난하는게 아니라 진짜 걱정되네. 이정도면 심각한 집착증 같아.,https://www.facebook.com/cheongrae1/posts/pfbid0pK4cyk3wBsrHMezTJAp5tYgCajQPzCJHQ7hTBCVBLfNVqVdxN2vAxxKYftkx4sQCl?comment_id=1495650268990336
2026-08-05 15:17,더불어민주당 대표(정청래),Facebook(cheongrae1),59분,<믿을맨과 못 믿을 사람>… 더 보기,https://www.facebook.com/cheongrae1/posts/pfbid0pzNuMU7hZj9BY2fsWL4xP5YvqBtX3Ex6rHXTHTGtX66H2iFENuFa7HFHmTP1LWjQl
2026-08-05 15:17,더불어민주당 대표(정청래),Facebook(cheongrae1),52분,이지은 입만 열면 구라인 정청래를 누가 믿냐? 이잼 단식할때 볼링치러 간 배신자 주제에,https://www.facebook.com/cheongrae1/posts/pfbid0pzNuMU7hZj9BY2fsWL4xP5YvqBtX3Ex6rHXTHTGtX66H2iFENuFa7HFHmTP1LWjQl?comment_id=1043546065031819
2026-08-05 12:56,방통위(김종철),Facebook(jkim386.kmcc),7시간,방송영상 데이터의 대국민 개방,https://www.facebook.com/jkim386.kmcc/posts/pfbid0uCgUgqTYKyY6M9a46v3gBdA3X64d49t3v3B7a9usHAWtF113P6sqg6uFti6MnnKLl
2026-08-05 10:39,방통위(김종철),X(@jkim386_kmcc),1h,방송미디어통신위원회의 교육 및 연구용 방송영상 인공지능(AI) 데이터 117만 건 개방,https://x.com/jkim386_kmcc
2026-08-05 10:39,방통위(김종철),X(@jkim386_kmcc),8월 4일,방송미디어통신위원회의 불법스팸 및 보이스피싱 대응을 통한 안전한 통신 생태계 구축 홍보,https://x.com/jkim386_kmcc
2026-08-04 22:16,개인정보보호위원회(송경희),X(@kh_song8),15m,안전한 데이터 활용을 위한 가명정보 제도의 특징과 개인정보보호위원회의 현장 활용 지원,https://x.com/kh_song8
2026-08-04 22:16,개인정보보호위원회(송경희),Facebook(profile.php?id=100052519089631),15분,개인정보 보호와 데이터 가치 제고를 위한 가명정보 제도의 개념 및 주요 활용 목적,https://www.facebook.com/permalink.php?story_fbid=pfbid02aA8S6bXhXRNSv3GajzV4Ge6AmWdu6aFo5kZwWVbp9cj4YSUwRvra5wN5rptAMVoFl&id=100052519089631
2026-08-04 16:15,방통위(김종철),X(@jkim386_kmcc),7h,불법 스팸 및 보이스피싱 근절을 위한 방송통신위원회의 통신 안전 정책 홍보,https://x.com/jkim386_kmcc
2026-08-04 16:15,방통위(김종철),Facebook(jkim386.kmcc),5시간,미디어 및 AI 기업의 SNS 바이럴 마케팅으로 인한 여론 조작 및 선동 위험성 경고,https://www.facebook.com/jkim386.kmcc/posts/pfbid02Q56CQuR2FKL4Mdtx3kYoN8CWucDyuxVLszS2ibpY7oCfYY6mqTSuhfDtLSDoqFxul?comment_id=876342911936359
2026-08-04 13:07,더불어민주당 대표(정청래),Facebook(cheongrae1),1시간,"정청래의 알콩달콩 ""당원들은 다 알고 있다."" 광주에서 제일 많이 들은 얘기입니다. 광주민심을 믿습니다...광주에서 서울행 KTX를 타며. 1천 박지현 맞아요 다 알고 있어요.. 정청래는 안돼는거. 그건 말 안한거지 정청래는 안된다고 ㅋㅋㅋ",https://www.facebook.com/cheongrae1/posts/pfbid0npZtvm2EF1XGncYXvgroHed3xNfyuuzbugZY2QsNHo9yaSYzzQUQyoCCv4ubPxp9l
2026-08-04 13:07,더불어민주당 대표(정청래),Facebook(cheongrae1),1시간,박지현 맞아요 다 알고 있어요.. 정청래는 안돼는거. 그건 말 안한거지 정청래는 안된다고 ㅋㅋㅋ,https://www.facebook.com/cheongrae1/posts/pfbid0npZtvm2EF1XGncYXvgroHed3xNfyuuzbugZY2QsNHo9yaSYzzQUQyoCCv4ubPxp9l?comment_id=1350731313909481
2026-08-04 13:07,개인정보보호위원회(송경희),Facebook(profile.php?id=100052519089631),2시간,김성희 무더운 날씨 고생이 많으세요. 항상 응원합니다.,https://www.facebook.com/permalink.php?story_fbid=pfbid038P3LbcfnsfyaJF16hMa8b9NhVXoNzmRkcho4Km3We8iAqnocR2uW8pJPQzT1N9fjl&id=100052519089631&comment_id=883706001156776
2026-08-04 13:07,방통위(김종철),Facebook(jkim386.kmcc),2시간,"Jong Hyuk Choi 「정부기관 및 공공법인 등의 광고시행에 관한 법률」(약칭: 정부광고법)은 정부기관과 공공기관이 의뢰하는 광고의 공정성과 투명성을 높이기 위해 2018년 12월 13일부터 시행된 법률입니다. 한국언론진흥재단(국내) 등이 광고 업무를 대행하며, 광고 목적과 효율성, 매체 형평성을 고려하여 매체를 선정합니다.",https://www.facebook.com/jkim386.kmcc/posts/pfbid02Q56CQuR2FKL4Mdtx3kYoN8CWucDyuxVLszS2ibpY7oCfYY6mqTSuhfDtLSDoqFxul?comment_id=1081802531469160
2026-08-04 10:43,개인정보보호위원회(송경희),X(@kh_song8),17m,개인정보 유출 피해 구제를 위한 개인정보 분쟁조정제도의 역할과 중요성,https://x.com/kh_song8
2026-08-04 10:43,개인정보보호위원회(송경희),Facebook(profile.php?id=100052519089631),17분,개인정보 분쟁조정제도의 높은 성립 성과와 제도적 한계 보완 필요성,https://www.facebook.com/permalink.php?story_fbid=pfbid038P3LbcfnsfyaJF16hMa8b9NhVXoNzmRkcho4Km3We8iAqnocR2uW8pJPQzT1N9fjl&id=100052519089631
2026-08-04 10:43,방통위(김종철),X(@jkim386_kmcc),1h,불법 스팸 및 보이스피싱 예방을 통한 안전한 방송통신 생태계 조성 홍보,https://x.com/jkim386_kmcc
2026-08-04 10:43,방통위(김종철),Facebook(jkim386.kmcc),2시간,방송통신위원회의 대국민 홍보 콘텐츠 소개,https://www.facebook.com/jkim386.kmcc/posts/pfbid02Q56CQuR2FKL4Mdtx3kYoN8CWucDyuxVLszS2ibpY7oCfYY6mqTSuhfDtLSDoqFxul
2026-08-04 00:13,더불어민주당 대표(정청래),Facebook(cheongrae1),1분,"정청래의 알콩달콩 조직은 바람을 이길수 없다. 노무현이 이인제를 이겼듯이, 정청래가 김민석을 이기게 해 주십시오. 노무현의 바람이 이인제의 조직을 이겼듯이 정청래의 바람이 김민석의 조직을 이기게 해 주십시오. ggyo.io 그럼 김민석은 이인제인가????최소한 비유도 예의는 지켜라",https://www.facebook.com/cheongrae1/posts/pfbid02NPnQu6JjEUs6BciKGr9o48Kj24jz1YQp5nucgcvuxbz3jAewYo1n3SuKa4xhngD6l
2026-08-04 00:13,더불어민주당 대표(정청래),Facebook(cheongrae1),1분,ggyo.io 그럼 김민석은 이인제인가????최소한 비유도 예의는 지켜라,https://www.facebook.com/cheongrae1/posts/pfbid02NPnQu6JjEUs6BciKGr9o48Kj24jz1YQp5nucgcvuxbz3jAewYo1n3SuKa4xhngD6l?comment_id=1063943919450382
2026-08-04 00:13,국민의힘 원내대표(정점식),Facebook(jsjeong0403),17분,"‘대선후보 이재명’은 부동산 대출규제를 완화하겠다는 공약을 내걸었습니다. ‘대통령 이재명’은 고강도 대출규제로 매물잠김 현상을 심화시키고, 전월세 가격을 폭등시켰습니다.
‘대선후보 이재명’은 재건축 재개발 규제를 완화하겠다는 공약을 내걸었습니다. ‘대통령 이재명’은 재건축은 공급효과가 크지 않고, 재개발은 총 입주 가구수가 줄어든다며 재건축 재개발에 대해 부정적 입장을 피력했습니다.
‘대선후보 이재명’은 “세금으로 집값 잡는 일을 하지 않겠다”고 했고 “세금으로 수요를 억압하는 가격 관리가 아니라 공급을 늘리겠다”고 공언했습니다.",https://www.facebook.com/jsjeong0403/posts/pfbid0BizyPzsrXBzV57Le9JZnkiiY4iuy43xcB1bWNzENEuFLuH27yiTAzfkdqvVY5f1ql
2026-08-04 00:13,방통위(김종철),Facebook(jkim386.kmcc),17시간,<'2026 방미통위 방송대상' 국민심사단 모집>… 더 보기,https://www.facebook.com/jkim386.kmcc/posts/pfbid0qVyRDvNRUSGpFAHsaGR99uA7yhENjRDNEiDuhzFs4xeFjeEjm8wufzn3YHuifa2rl
2026-08-03 13:44,과기정통부 장관 겸 과학기술부총리(배경훈),X(@msitminister),1h,해남 솔라시도 국가 AI컴퓨팅센터 착공 및 국가 AI 인프라 구축 계획,https://x.com/msitminister
2026-08-03 10:46,과기정통부 장관 겸 과학기술부총리(배경훈),X(@msitminister),2h,AI 격차 해소 및 역량 강화를 위한 '모두의 AI 성장사다리 프로젝트' 출범,https://x.com/msitminister
2026-08-03 05:31,개인정보보호위원회(송경희),Facebook(profile.php?id=100052519089631),7시간,신산업 및 혁신 서비스 추진 과정에서 기업들이 직면하는 개인정보 관련 규제 애로사항,https://www.facebook.com/permalink.php?story_fbid=pfbid0KSS7K6PQDGAzFAbfUsXzv1LTe1Xu437mvBNB6yPAydoozbBCrYFHUXZX96CWYGFxl&id=100052519089631
2026-08-02 23:05,개인정보보호위원회(송경희),X(@kh_song8),56m,기업의 혁신 서비스 출시를 지원하기 위한 개인정보보호위원회의 '사전적정성 검토제' 안내,https://x.com/kh_song8
2026-08-02 23:05,개인정보보호위원회(송경희),Facebook(profile.php?id=100052519089631),56분,신규 서비스 및 혁신 사업 추진 기업의 개인정보 규제 애로 해소 지원,https://www.facebook.com/permalink.php?story_fbid=pfbid0KSS7K6PQDGAzFAbfUsXzv1LTe1Xu437mvBNB6yPAydoozbBCrYFHUXZX96CWYGFxl&id=100052519089631
2026-08-01 20:13,방통위(김종철),Facebook(jkim386.kmcc),1일,지역방송 대상 AI 활용 콘텐츠 제작 실증 지원,https://www.facebook.com/jkim386.kmcc/posts/pfbid0nuUrrB4nVutjCkF2Hx3Li2ngkcZFhQvVAmtEqukpX3KSXhdoNPHTXhsGwTiJeazYl
2026-08-01 14:29,개인정보보호위원회(송경희),Facebook(profile.php?id=100052519089631),1일,개인정보보호위원회의 대국민 디지털 개인정보 보호 서비스 및 예방 수칙 홍보 콘텐츠 소개,https://www.facebook.com/permalink.php?story_fbid=pfbid0BYjV7F1jjdcVBSTDkzjfxfkMfzwRggBeh1b7ANZd8m7px5FZspDQdQd9uJ6tAAM7l&id=100052519089631
2026-07-31 23:06,국민의힘 원내대표(정점식),Facebook(jsjeong0403),14시간,[정점식 원내리포트- 7.31] 국민 신뢰 회복과 통합! … 더 보기,https://www.facebook.com/jsjeong0403/posts/pfbid02DQrGcfJTPiTX8qNBbBP5jotv5dDHbCMdAX4ocTaYUKmy7P2QFDGWUcyAwyC5N5tEl
2026-07-31 19:30,방통위(김종철),Facebook(jkim386.kmcc),15시간,<지역방송 AI 제작 실증 지원>… 더 보기,https://www.facebook.com/jkim386.kmcc/posts/pfbid02rw5aKzGMAyQETyY5YSwdecpfV5LDnPSM1LAAFMCowGdRY3D3Fm6U3Ye5HQ8sZRtpl
2026-07-31 17:43,과기정통부 장관 겸 과학기술부총리(배경훈),X(@msitminister),15h,"<개방과 안전, 어느 하나도 포기할 수 없습니다> 최근 미국에서는 오픈웨이트 AI 모델을 둘러싼 논쟁이 커지고 있습니다. 오픈웨이트 모델은 학습된 모델의 핵심 수치인 ‘가중치’를 공개해 누구나 내려받아 활용하고 수정할 수 있도록 한 모델입니다. 소스코드와 학습 데이터까지 모두 공개하는 더 보기 nist.gov UK AISI / CAISI Preliminary Assessment of Kimi K3's Cyber Capabilities The UK Artificial Intelligence Security Institute (UK A",https://x.com/msitminister
2026-07-31 13:02,대통령(이재명),Facebook(jaemyunglee),13시간,"<태평양을 마주한 오랜 친구 칠레와 함께 더 큰 미래를 열어가겠습니다> 
칠레는 1949년 남미에서 가장 먼저 대한민국 정부를 승인한 나라입니다. 한반도의 평화와 안정을 한결같이 지지해 준 오랜 친구이자, 우리나라 최초의 자유무역협정 파트너이기도 합니다. 
비록 지리적으로는 멀리 떨어져 있지만, 서로를 향한 신뢰를 차곡차곡 쌓아왔습니다. 이러한 우정을 바탕으로 카스트 대통령님과 함께 더 큰 미래를 향한 새로운 길을 열어나가기로 뜻을 모았습니다. … 더 보기",https://www.facebook.com/jaemyunglee/posts/pfbid025wPrq37rrPcxvYtdsCqJuDu2iWn7K41DTCbZxfmPvUFhoNCC1GyEnT3KyC7JYSJRl
2026-07-31 13:02,더불어민주당 대표(정청래),Facebook(cheongrae1),48분,<민주당을 민주당 답게!>… 더 보기,https://www.facebook.com/cheongrae1/posts/pfbid0yHtA6PGKsLeku88Rdg42Jv2uzhaLfhM1PMqCS3XkAyRNqNZAvPgoK4A7cA6W2feul
2026-07-31 13:02,더불어민주당 원내대표(한병도),Facebook(hbd7851),8분,<장동혁 대표는 음모론과 흑색선전을 멈추십시오>… 더 보기,https://www.facebook.com/reel/1380953580768898/
2026-07-31 10:43,개인정보보호위원회(송경희),Facebook(profile.php?id=100052519089631),1시간,개인정보보호위원회의 '지우개 서비스' 및 '털린 내 정보 찾기' 등 대국민 개인정보 보호 서비스 소개 영상,https://www.facebook.com/permalink.php?story_fbid=pfbid0BEvxqjiGjPqjzk8zFbt2s2neCwZBmYcsUHrzbReg5zXjJycjJQG9QPUuHNMQafBQl&id=100052519089631
2026-07-31 07:54,방통위(김종철),X(@jkim386_kmcc),1h,지역방송사의 경쟁력 강화를 위한 방송미디어통신위원회의 인공지능(AI) 제작 실증 지원 및 대상 선정,https://x.com/jkim386_kmcc
2026-07-31 07:54,방통위(김종철),Facebook(jkim386.kmcc),3시간,지역방송사의 인공지능(AI) 기술 도입 및 제작 경쟁력 강화를 위한 실증 지원 사업,https://www.facebook.com/jkim386.kmcc/posts/pfbid0o5ds9KLXKQpTQJEmBw3i9kwqjAiRQwFiZErGo2qzpJFsuKmdqXngt4xh8YfNMwYjl
2026-07-31 04:27,과기정통부 장관 겸 과학기술부총리(배경훈),X(@msitminister),29m,AI 및 반도체 산업의 전력 수요 대응을 위한 차세대 소형모듈원자로(SMR) 조기 상용화 방안 논의,https://x.com/msitminister
2026-07-31 04:27,과기정통부 장관 겸 과학기술부총리(배경훈),X(@msitminister),1h,피지컬 AI 시대 도래에 따른 대한민국 NPU(신경망처리장치)의 중요성,https://x.com/msitminister
2026-07-31 04:27,과기정통부 장관 겸 과학기술부총리(배경훈),X(@msitminister),1h,글로벌 AI 인프라 경쟁 속 국가 사회간접자본(SOC)으로서의 데이터센터 구축 필요성,https://x.com/msitminister
2026-07-31 04:27,과기정통부 장관 겸 과학기술부총리(배경훈),X(@msitminister),2h,오픈웨이트 AI 모델의 개방성과 안전성을 둘러싼 글로벌 논쟁,https://x.com/msitminister
2026-07-31 00:06,개인정보보호위원회(송경희),X(@kh_song8),1h,개인정보 유출 대응을 위한 개인정보보호위원회의 선제적 예방 중심 정책 패러다임 전환,https://x.com/kh_song8
2026-07-31 00:06,개인정보보호위원회(송경희),Facebook(profile.php?id=100052519089631),1시간,개인정보 보호 캠페인 '경희로운 개인정보 생활' 콘텐츠 소개,https://www.facebook.com/permalink.php?story_fbid=pfbid0eqjTzSckmqGaiGZxfonGQfXuybNF2va8SQrSqQBumdm9JVXsLXbh4bw6y3qpgDNsl&id=100052519089631
2026-07-30 20:19,개인정보보호위원회(송경희),Facebook(profile.php?id=100052519089631),17시간,"개인정보보호위원회는 KT 개인정보 유출사고에 대해 과징금 539억 7,900만 원을 부과하고 시정명령과 개선권고를 의결했습니다. 아울러 KT의 악성코드 감염 사고와 관련해서는 조사 과정에서 거짓 자료를 제출하는 등 조사를 방해한 행위에 대해 KT를 고발했으며, 법 위반 정도에 대해서는 경찰청 조사에 … 더 보기",https://www.facebook.com/permalink.php?story_fbid=pfbid0tukWJmzmZ1g9vakDKG7zjYx7Xv7KMRwh5vBaoWJbP2LgBBb8SYMBDWSbVPpzFkqxl&id=100052519089631
2026-07-30 16:32,더불어민주당 대표(정청래),Facebook(cheongrae1),2시간,<박찬대와 정청래의 케미>… 더 보기,https://www.facebook.com/cheongrae1/posts/pfbid02BVTMHUC8mnipXsyCPrFDnuDKou3Ko2Bg3nbXt9gjBAavVD4GCNCG7HLgo7bdJy4el
2026-07-30 14:09,과기정통부 장관 겸 과학기술부총리(배경훈),X(@msitminister),1h,"<AI의 미래는 결국 사람입니다> 코엑스에서 열린 ‘대한민국 AI 혁신인재 커넥트’를 찾아 학생들과 연구자들을 만났습니다. 지난주 샌프란시스코 AI 서밋에서는 글로벌 AI 기업들과 AI 반도체, AI 데이터센터, 피지컬 AI 등 AI 생태계 협력 방안을 논의했습니다. AI 경쟁력을 높이기 위한 인프라와 더 보기",https://x.com/msitminister
2026-07-30 11:57,방통위(김종철),Facebook(jkim386.kmcc),8시간,<MBN '프레스룸' 인터뷰 출연>… 더 보기,https://www.facebook.com/jkim386.kmcc/posts/pfbid02cqe9AYo4eQmdUswPSVvoh31zLeVMrv7P4Zes4S3vgRfbCNM4b3bGJpnfiWX8cBK6l
2026-07-30 09:34,과기정통부 장관 겸 과학기술부총리(배경훈),X(@msitminister),1h,AI 데이터센터 산업 생태계 육성을 위한 얼라이언스 출범,https://x.com/msitminister
2026-07-30 09:34,방통위(김종철),X(@jkim386_kmcc),36m,방송·미디어·통신 분야 주요 정책 현안 및 미래 청사진 소개,https://x.com/jkim386_kmcc
2026-07-30 04:00,개인정보보호위원회(송경희),X(@kh_song8),1h,KT 개인정보 유출 및 조사 방해 행위에 대한 개인정보보호위원회의 과징금 부과와 고발 조치,https://x.com/kh_song8
2026-07-30 04:00,개인정보보호위원회(송경희),Facebook(profile.php?id=100052519089631),1시간,KT 개인정보 유출 및 조사 방해 행위에 대한 개인정보보호위원회의 과징금 부과와 고발 조치,https://www.facebook.com/permalink.php?story_fbid=pfbid02xTPhDwd8QFsTSqyQqLdKwqWyn2ZjZQeNEfqQgRS5uVw1k7PuBsnUZzX1Hg1eCnKBl&id=100052519089631
2026-07-29 21:02,방통위(김종철),Facebook(jkim386.kmcc),10시간,<방미통위 제26차 전체회의 개최>… 더 보기,https://www.facebook.com/jkim386.kmcc/posts/pfbid0Y3V2daPFXA8hxzMYBbG2nQQYAdmAacVkdRj7w3SyCdyGr3ifufAvCprV2X7Rfcm5l
2026-07-29 15:16,대통령(이재명),X(@Jaemyung_Lee),43m,"카자흐스탄의 한국인 상대 보이스피싱 일당 검거. 외국에서 하면 잡히지 않겠지 하는 생각은 버리는 것이 좋습니다. 한국인 상대 범죄는 전 세계 어디에서 하든 반드시 추적해 소탕합니다. 보이스피싱 범죄를 대응팀을 만들어 단속중인데, 피싱범죄피해나 피싱전화가 많이 줄었다는 게 체감되시나요? 더 보기",https://x.com/Jaemyung_Lee
2026-07-29 15:16,대통령(이재명),X(@Jaemyung_Lee),1h,"대한민국이 최초로 FTA를 체결한 나라, 칠레로 이동합니다. 세계 GDP 89%를 차지하는 경제권과 연결된 통상 허브이자, 세계 최대 리튬과 구리 매장량을 보유한 자원 강국 칠레는 첨단산업을 선도하는 우리의 든든한 협력 파트너입니다. 같은 법조인 출신이신 카스트 대통령님과는 처음 만나 뵙게 더 보기",https://x.com/Jaemyung_Lee
2026-07-29 15:16,더불어민주당 대표(정청래),Facebook(cheongrae1),28분,"정청래의 알콩달콩 제1차 TV토론 잘 마쳤습니다. 네거티브하지 않고 정책과 비전, 민주당 정체성을 강조했습니다. 민주당을 민주당 답게, 개혁의 중요성, 전통적 지지층의 소중함을 강조했습니다. 앞으로 더 잘 하겠습니다. 성원에 감사드립니다. 김원기 토론 참잘했어요 응원합니다 감사합니다 지지합니다 1등이다 화이팅",https://www.facebook.com/cheongrae1/posts/pfbid02BdkhWQGoei35dy7vWezbsXsysskLLoQ5i8QpkfEzfsBBXevjWyBdNC6JVkoEmGVyl
2026-07-29 15:16,방통위(김종철),X(@jkim386_kmcc),2h,<방미통위 제26차 전체회의 개최> 오늘 방미통위 '제26차 전체회의'를 열어 구 방송통신위원회가 MBC의 최대주주인 방송문화진흥회(이하 방문진) 보궐이사로 김성근을 임명한 처분('23.8.28.)을 취소했습니다. 이는 서울행정법원의 조정권고를 수용한 결과입니다. 앞서 올 4월 27일 서울행정법원은 더 보기,https://x.com/jkim386_kmcc
2026-07-29 15:16,방통위(김종철),Facebook(jkim386.kmcc),4시간,<방미통위 제26차 전체회의 개최>… 더 보기,https://www.facebook.com/jkim386.kmcc/posts/pfbid02bb8DYk1cNKvQzSFozYZQWepy7aocF3M1XP5pHJv4Mphh5fuSJ9x1Lswu9KbPkaucl
2026-07-29 12:06,대통령(이재명),X(@Jaemyung_Lee),2h,"일본 구마모토현에서 발생한 강진으로 많은 인명과 재산 피해가 발생했다는 소식에 안타까움을 금할 수 없습니다. 이번 지진으로 희생되신 분들의 명복을 빌며, 유가족 여러분께 깊은 애도를 표합니다. 갑작스러운 재난으로 삶의 터전을 잃고 어려움을 겪고 계신 주민들께도 위로의 마음을 전합니다. 더 보기",https://x.com/Jaemyung_Lee
2026-07-29 09:40,과기정통부 장관 겸 과학기술부총리(배경훈),X(@msitminister),2h,개원 60주년을 맞이한 국립전파연구원의 AI 및 6G 시대 전파 혁신기관 도약 선언,https://x.com/msitminister
2026-07-29 06:34,개인정보보호위원회(송경희),Facebook(profile.php?id=100052519089631),3일,유럽연합(EU) 집행위원회의 한국에 대한 GDPR(일반개인정보보호법) 적정성 결정 유지 발표,https://www.facebook.com/permalink.php?story_fbid=pfbid02QimHzwgTpbVShGaeTdVB4VMxjG7tY5suqVxXpmu4SiKa6P5TsxAA6TfnieVAHs1Bl&id=100052519089631
2026-07-29 03:33,과기정통부 장관 겸 과학기술부총리(배경훈),X(@msitminister),7월 27일,샌프란시스코 AI 서밋 참관 및 AI 기반 도시 혁신 동향,https://x.com/msitminister
2026-07-29 03:33,개인정보보호위원회(송경희),X(@kh_song8),7월 25일,"유럽연합(EU) 집행위원회가 우리나라에 대한 GDPR(유럽연합 일반개인정보보호법) 적정성 결정을 계속 유지하기로 했다고 발표했습니다. 이번 재검토는 2021년 12월 우리나라가 적정성 결정을 받은 이후 처음 실시된 것으로, 쉽게 말하면 우리나라의 개인정보 보호 수준이 유럽연합과 동등한 더 보기",https://x.com/kh_song8
2026-07-29 03:33,방통위(김종철),X(@jkim386_kmcc),7월 27일,<신규 휴대폰 사전예약 과장광고 주의> 8월 7일 삼성전자 '갤럭시Z8 시리즈' 출시에 앞서 내일부터 일주일간 사전 예약이 진행됨에 따라 일부 휴대폰 대리점 및 판매점 등 유통점들의 과도한 지원금과 경품 제공 등에 대한 과장광고가 증가하고 있어 각별한 주의를 부탁드립니다. 사전 예약 기간 및 더 보기,https://x.com/jkim386_kmcc
2026-07-29 03:33,방통위(김종철),X(@jkim386_kmcc),7월 24일,<'2026년 디지털윤리주간' 운영> 일상 속 인공지능 윤리를 경험하고 실천해 볼 수 있는 다양한 온·오프라인 행사가 전국 각지에서 열리고 있습니다. 방미통위는 안전하고 책임있는 인공지능 활용 문화 확산과 디지털윤리 실천을 위해 '2026년 디지털윤리주간'을 7월 26일(일)까지 운영합니다. 더 보기,https://x.com/jkim386_kmcc
2026-07-29 03:33,방통위(김종철),X(@jkim386_kmcc),7월 23일,"<방미통위 제24차 전체회의 개최> 22일 방미통위 '제24차 전체회의'를 열고 방송의 공적책임을 높이기 위한 안건들을 처리했습니다. 「전파법」을 위반한 (재)가톨릭평화방송에 대해 행정처분을 의결하고, 재허가·재승인을 받는 방송사업자의 '2024년도 방송에 대한 평가 결과'와 '2025년도 방송평가 더 보기",https://x.com/jkim386_kmcc
2026-07-29 03:33,방통위(김종철),Facebook(jkim386.kmcc),15시간,< 디지털 플랫폼 이용자 권익 보호 >… 더 보기,https://www.facebook.com/jkim386.kmcc/posts/pfbid0m4fuHnjhMapvmsiQYMRkvbuh5XpXKuYJCcLLtVBSsfCGzb11NN4X1SVAFkZ37fWbl
2026-07-29 00:03,대통령(이재명),X(@Jaemyung_Lee),55m,"남미 경제의 심장, 브라질 상파울루에서 양국의 미래를 함께 만들어 갈 기업인 여러분을 만났습니다. 브라질은 대한민국의 남미 최대 교역국이자 우리 기업들이 활발히 진출해 있는 나라입니다. 대한민국의 뛰어난 기술과 제조 역량이 브라질의 풍부한 자원, 성장 잠재력과 만난다면 양국은 더 보기",https://x.com/Jaemyung_Lee
2026-07-29 00:03,대통령(이재명),Facebook(jaemyunglee),21시간,<지구 반대편 브라질에서 대한민국 경제와 외교의 지평을 넓혀갑니다>… 더 보기,https://www.facebook.com/jaemyunglee/posts/pfbid0CghEaiKD7bqfFgtRKuafzV8ScTiNNhYBbDEc281Z7pRb1xEfECLeeh3AnnqJUrVXl
2026-07-29 00:03,더불어민주당 대표(정청래),Facebook(cheongrae1),1시간,<여론은 추세가 중요하다.>… 더 보기,https://www.facebook.com/cheongrae1/posts/pfbid07qhNdFP6REWoTDM4dWXDDZa6e1er381fqU64RAoyce5bWug13LwRKWLgRrHpwMSkl
2026-07-28 22:09,대통령(이재명),X(@Jaemyung_Lee),7m,룰라 브라질 대통령이 노동조합 위원장으로 일하던 노조사무실에 방문했습니다. 노동이 존중되는 세상을 만드는 일은 브라질이나 대한민국이나 다를 것이 없습니다.,https://x.com/Jaemyung_Lee
2026-07-28 22:09,대통령(이재명),X(@Jaemyung_Lee),11m,"지구 반대편 땅에서 개척의 역사를 써 내려가신 자랑스러운 브라질 재외동포 여러분께 인사드렸습니다. 아리랑 농장의 푸른 들판에서부터 상파울루의 섬유, 패션 산업에 이르기까지 우리 동포 여러분의 뜨거운 열정이 브라질 곳곳에 남아 있습니다. 낯선 땅에서도 성실함과 끈기로 새 길을 더 보기",https://x.com/Jaemyung_Lee
2026-07-28 18:19,대통령(이재명),X(@Jaemyung_Lee),53m,"Estimado Presidente José Antonio Kast. Chile es un país muy cercano e importante para la República de Corea, siendo el primer país con el que firmamos un Tratado de Libre Comercio (TLC). Espero con gran entusiasmo nuestra reunión. – Lee Jae-myung, Presidente de la República de 더 보기",https://x.com/Jaemyung_Lee
2026-07-28 18:19,더불어민주당 대표(정청래),Facebook(cheongrae1),7시간,<전북 지체장애인 협회 간담회>,https://www.facebook.com/cheongrae1/posts/pfbid02N14ho4CoR1gScDZU4eoLowEjuQPZu8D2GSZwJoeUCgjnNAcpM9SGJdxGSmsazRUrl
2026-07-28 14:14,대통령(이재명),X(@Jaemyung_Lee),14m,"""만나서 반갑습니다""보다 ""그동안 잘 지내셨습니까""가 더 자연스러운 사이가 되었습니다. 오랜 친구를 맞이하듯 반갑게 맞아주신 @LulaOficial 대통령님께 특별한 감사를 전합니다. 만남이 거듭될수록 서로를 향한 믿음은 깊어지고, 함께 그려갈 미래 역시 선명해지고 있습니다. 그동안 우리가 더 보기 [4K HDR] 감사합니다, 브라질!🇰🇷🇧🇷 | 브라질 국빈 방문 보낸 사람: youtube.com",https://x.com/Jaemyung_Lee
2026-07-28 14:14,대통령(이재명),X(@Jaemyung_Lee),13h,"Agradeço em nome do povo sul-coreano pela calorosa recepção do Presidente Lula. @LulaOficial Vamos dar as mãos e, juntos, abrir um futuro novo e brilhante para os nossos países. 룰라 대통령님의 뜨거운 환대에 대한민국 국민을 대표하여 감사드립니다. 서로 손 맞잡고 양국의 새롭고 더 보기 Lula @LulaOficial 16h Hoje tive a honra de receber o presiden",https://x.com/Jaemyung_Lee
2026-07-28 14:14,국민의힘 원내대표(정점식),Facebook(jsjeong0403),7시간,도대체 국회의장까지 왜 이러실까요?… 더 보기,https://www.facebook.com/jsjeong0403/posts/pfbid023Yb1YWHuY79qwKMBcKTyP6Sb2nkKYiPyjoGrLxw4Fbzsoobp5ZMsAFWfAnnVS2oml
2026-07-28 14:14,방통위(김종철),X(@jkim386_kmcc),2h,< 디지털 플랫폼 이용자 권익 보호 > 일부 커피 프랜차이즈 업체가 시스템 업그레이드나 앱 개편을 이유로 소비자들이 쌓아 올린 소중한 구매적립 이력을 명확한 고지 없이 일방적으로 소멸시킨 사례가 발생하였습니다. 이러한 생활 밀착형 플랫폼 서비스의 맹점과 이용자 피해에 대해 더 보기,https://x.com/jkim386_kmcc
2026-07-28 14:14,방통위(김종철),Facebook(jkim386.kmcc),2시간,< 디지털 플랫폼 이용자 권익 보호 >… 더 보기,https://www.facebook.com/jkim386.kmcc/posts/pfbid02pcK6CxN4CoKZL91yRh6CkGRaed93n7sKVfjV9JqSXodNzdfrheQ1NKdgDK21HF1al
2026-07-28 05:50,개인정보보호위원회(송경희),Facebook(profile.php?id=100052519089631),2일,EU 집행위원회의 한국에 대한 GDPR 적정성 결정 유지 발표,https://www.facebook.com/permalink.php?story_fbid=pfbid0LsKapGkdy1qxNPZUaPwjYvN8WFAn6gwM4mYWcEHg1LQzRpTPKTAa1neQBKCTwPdvl&id=100052519089631
2026-07-28 02:40,방통위(김종철),Facebook(jkim386.kmcc),17시간,신규 휴대폰 사전예약 관련 허위·과장 광고에 대한 소비자 주의 당부,https://www.facebook.com/jkim386.kmcc/posts/pfbid0MGumW3mxVqjesoiaKUG99MRFSyQc87vYU4u3kq26Uf6hDbkLu7YrGRNSencJnfEkl
2026-07-27 12:31,대통령(이재명),X(@Jaemyung_Lee),2h,프랑스와 스페인에서 계속되고 있는 산불로 큰 피해가 발생하고 있다는 소식에 안타까움을 금할 수 없습니다. 예기치 못한 재난으로 어려움을 겪고 계신 모든 분들께 위로의 말씀을 전합니다. 아울러 위험을 무릅쓰고 산불 진화와 구조 활동에 헌신하고 계신 구조대원과 관계자 여러분께 경의를 더 보기,https://x.com/Jaemyung_Lee
2026-07-27 12:31,더불어민주당 대표(정청래),Facebook(cheongrae1),1시간,<7월 28일(화) 일정 입니다.>,https://www.facebook.com/cheongrae1/posts/pfbid0TV5s7ycUagqxBAu7HesoykaQn3M4dxNzCVj7pYAAzDJ2bGtQWpsKY3JBwSgrTgHul
2026-07-27 12:31,더불어민주당 원내대표(한병도),Facebook(hbd7851),21분,"<민주당의 기준은 오직 국민이고, 민생입니다>… 더 보기",https://www.facebook.com/reel/2835946096774008/
2026-07-27 12:31,국민의힘 원내대표(정점식),Facebook(jsjeong0403),2시간,<국민의힘 최고위원회의(7.27)>… 더 보기,https://www.facebook.com/reel/1413933267450382/
2026-07-27 12:31,방통위(김종철),X(@jkim386_kmcc),3h,<신규 휴대폰 사전예약 과장광고 주의> 8월 7일 삼성전자 '갤럭시Z8 시리즈' 출시에 앞서 내일부터 일주일간 사전 예약이 진행됨에 따라 일부 휴대폰 대리점 및 판매점 등 유통점들의 과도한 지원금과 경품 제공 등에 대한 과장광고가 증가하고 있어 각별한 주의를 부탁드립니다. 사전 예약 기간 및 더 보기,https://x.com/jkim386_kmcc
2026-07-27 12:31,방통위(김종철),Facebook(jkim386.kmcc),3시간,<신규 휴대폰 사전예약 과장광고 주의>… 더 보기,https://www.facebook.com/jkim386.kmcc/posts/pfbid02RJWUyryXAhFQp2fm6MwGN7FEmN32PMYRroR7TZCV6cgxJFwU8xWxUkFUuy9LrHSfl
2026-07-27 08:34,과기정통부 장관 겸 과학기술부총리(배경훈),X(@msitminister),25m,샌프란시스코 AI 서밋 참석 및 AI 혁신도시 방문을 통한 도시 혁신 방안 모색,https://x.com/msitminister
2026-07-27 08:34,개인정보보호위원회(송경희),Facebook(profile.php?id=100052519089631),2일,유럽연합(EU) 집행위원회의 한국에 대한 GDPR 적정성 결정 유지 발표,https://www.facebook.com/permalink.php?story_fbid=pfbid02QtvJJ5xCe8itzM23rWnZUUFeXAYNzXW6qGp8HSV55sLckXkALmgjk5GUX6JcRpsQl&id=100052519089631
2026-07-27 04:40,과기정통부 장관 겸 과학기술부총리(배경훈),X(@msitminister),1h,국내 통신 3사와의 AI 네트워크 전략 논의 및 미국 AMD와의 AI 반도체 생태계 협력 MOU 체결,https://x.com/msitminister
2026-07-26 13:27,국민의힘 대표(장동혁),Facebook(dhjang6971),10시간,전자투표 도입 추진에 대한 비판 및 선거 전산 시스템의 신뢰성 의혹 제기,https://www.facebook.com/dhjang6971/posts/pfbid0QdJa2KvbK8eT1YWcLX72gWB2Z49jQdXiwJSyCk8LtJKiLyiSQgvoMq11Q4mUJgPDl
2026-07-26 06:10,대통령(이재명),Facebook(jaemyunglee),1일,샌프란시스코에서 선포한 대한민국의 새로운 AI 시대 비전,https://www.facebook.com/jaemyunglee/posts/pfbid0vJnKjkAwN7iBVDnnumCMM2zrgcj5q9C2DWpJ9L62NBK5iTZzvYpjX1ec2CG5gfbbl
2026-07-26 06:10,개인정보보호위원회(송경희),Facebook(profile.php?id=100052519089631),22시간,유럽연합(EU)의 대한민국 GDPR 적정성 결정 유지,https://www.facebook.com/permalink.php?story_fbid=pfbid0M3Ub7R2NnevkkE5CAotGCf3eYYfAwi7hoFdScEiPmzAhXT5ih1T1Pmy3MSCeik7Al&id=100052519089631
2026-07-26 02:57,국민의힘 대표(장동혁),Facebook(dhjang6971),12분,전자투표 도입 정책 및 선거 관리 전산 시스템의 신뢰성 문제,https://www.facebook.com/dhjang6971/posts/pfbid02UeuHW989z8XRfxDCN5XeV6UKx19RF57MixAV9FeRi13ERHWSJgQwNWtJKjaA3WHKl
2026-07-26 02:57,방통위(김종철),Facebook(jkim386.kmcc),2일,2026년 디지털윤리주간 운영 계획,https://www.facebook.com/jkim386.kmcc/posts/pfbid0bP15nXaPPm62VrdJmWGugxhj6SdzEA2CaAHJs3ZFVDmMkAT8fYmVZRp9un5ewQiXl
2026-07-25 13:39,과기정통부 장관 겸 과학기술부총리(배경훈),X(@msitminister),1h,샌프란시스코 AI 서밋 참석 및 글로벌 AI 기업 CEO들과의 만찬 회동,https://x.com/msitminister
2026-07-25 09:51,개인정보보호위원회(송경희),X(@kh_song8),1h,EU 집행위원회의 한국 대상 GDPR(일반개인정보보호법) 적정성 결정 유지,https://x.com/kh_song8
2026-07-25 09:51,개인정보보호위원회(송경희),Facebook(profile.php?id=100052519089631),1시간,EU 집행위원회의 한국 대상 GDPR(일반개인정보보호법) 적정성 결정 유지,https://www.facebook.com/permalink.php?story_fbid=pfbid02Qb7n2aejdputRQRn1ARBC5cJF23PLLptxAYjyRigAuihCmrVuVz31Lqph7DjYScwl&id=100052519089631
2026-07-25 07:22,대통령(이재명),X(@Jaemyung_Lee),2h,인간과 AI의 조화로운 공존 및 미래 성장을 위한 국제사회 협력 제안,https://x.com/Jaemyung_Lee
2026-07-25 07:22,대통령(이재명),Facebook(jaemyunglee),4시간,샌프란시스코에서의 대한민국 새로운 AI 시대 비전 선포 및 글로벌 협력,https://www.facebook.com/jaemyunglee/posts/pfbid02yrRWeuoJDQfJ87yRvCrBmYCZy1xtAL2X2iE2eCrG1TDFewmBUfe74eab3dphscA1l
2026-07-25 07:22,과기정통부 장관 겸 과학기술부총리(배경훈),X(@msitminister),54m,국내외 주요 테크 기업들이 참여하여 협력 의제를 발굴하는 '샌프란시스코 AI 서밋' 개최,https://x.com/msitminister
2026-07-25 04:15,대통령(이재명),X(@Jaemyung_Lee),1h,글로벌 AI 기업 대표들과의 협력 및 AI 시대의 미래 논의,https://x.com/Jaemyung_Lee
2026-07-25 04:15,대통령(이재명),Facebook(jaemyunglee),1시간,대한민국의 새로운 글로벌 AI 시대 비전 선포,https://www.facebook.com/jaemyunglee/posts/pfbid0vUwL2tSgBcBAb13EafDhoCvXTYr6GeCg8gpUTskf94pYVsEUaSZqK9gAu6xFbBVkl
2026-07-25 04:15,방통위(김종철),Facebook(jkim386.kmcc),1일,'2026년 디지털윤리주간' 운영 계획,https://www.facebook.com/jkim386.kmcc/posts/pfbid02eveGhhCkF34oCQSNc56ovrCLA4NscQc318gcfCheGn45oDtBBRK1EJQSagAyPujil
2026-07-24 22:08,개인정보보호위원회(송경희),Facebook(profile.php?id=100052519089631),13시간,개인정보 보호 관념과 미래사회의 새로운 권리를 논의하는 '제3차 2026 개인정보 미래포럼' 개최,https://www.facebook.com/permalink.php?story_fbid=pfbid02UEz5EXCQqDMDE5sRuvugiTJQNuQ6Ze9ia7Xq84jUQwG2FuCWgUNTvzypnEhXX4Uzl&id=100052519089631
2026-07-24 18:23,대통령(이재명),X(@Jaemyung_Lee),1h,이번 정류장은 샌프란시스코입니다 🇰🇷🇺🇸 youtube.com/shorts/u4Yg1dk… #이재명 #대통령 #US #sanfrancisco #california 00:45,https://x.com/Jaemyung_Lee
2026-07-24 15:01,대통령(이재명),Facebook(jaemyunglee),2일,<청와대 청년 펠로우를 모십니다>… 더 보기,https://www.facebook.com/jaemyunglee/posts/pfbid0epJvXvgszRU3ovjesXbYBv6uFb5mQDCKg8ez8bRq77E2SqSgHPFNSgTArv1nVBzhl
2026-07-24 15:01,더불어민주당 대표(정청래),Facebook(cheongrae1),37분,"정청래의 알콩달콩 與, '보완수사권 폐지' 형소법 개정안 당론 추인, 30일 처리할듯…검사는 수사하지 않는다. 검사는 기소만한다. 경찰이 수사한다. 수사기소분리의 대원칙을 당론으로 채택했으니 곧 국회통과. 검찰개혁, 역사의 문턱을 넘습니다. 설악산 고생하셨습니다",https://www.facebook.com/cheongrae1/posts/pfbid0FHwuim9N2Yqpb5iLZYxTHS31xrwHPW1tdvx28jRoFzeWeohzekwHdcgAkKUDAA6kl
2026-07-24 12:24,대통령(이재명),X(@Jaemyung_Lee),23h,미안합니다. 김영훈 노동부 장관님. 그런데 장관님이 잠 좀 못 주무시는만큼 누군가 죽을 사람들이 살아남습니다. 열심히 일해 주셔서 진심으로 감사합니다. 장관님 때문에 목숨을 건지고 가정을 지킨 사람들이 참 많습니다. 이경하 @igyeong51134506 7월 23일 ㅋㅋ 00:42,https://x.com/Jaemyung_Lee
2026-07-24 12:24,국민의힘 대표(장동혁),Facebook(dhjang6971),2시간,"중앙선관위에서 선거소청 방송 중계를 끝내 거부했다.
재판도 생방송으로 공개하는 세상이다.
선거소청을 공개하지 못할 이유가 없다.… 더 보기",https://www.facebook.com/dhjang6971/posts/pfbid0kXyr7RpRSwDJWuFun42koS2zaxwQ7ZfPmNCSvPRe57MZGSXd41EpczMYptxStxL9l
2026-07-24 12:24,더불어민주당 원내대표(한병도),Facebook(hbd7851),1시간,"<공정한 경쟁, 하나되는 전당대회>… 더 보기",https://www.facebook.com/reel/918644363869452/
2026-07-24 10:22,개인정보보호위원회(송경희),X(@kh_song8),1h,디지털 시대의 개인정보 권리와 DID 기반 디지털 신원증명 등을 논의하기 위한 '제3차 2026 개인정보 미래포럼' 개최,https://x.com/kh_song8
2026-07-24 10:22,개인정보보호위원회(송경희),Facebook(profile.php?id=100052519089631),1시간,미래사회의 개인정보 보호와 새로운 권리를 논의하기 위한 '제3차 2026 개인정보 미래포럼' 개최,https://www.facebook.com/permalink.php?story_fbid=pfbid0QPYN3rGaywahWzNLaJXiAwWAqVNEAZP7U6WZSygZt2hRpmgMbH5N28xmqWeANFFpl&id=100052519089631
2026-07-24 07:36,과기정통부 장관 겸 과학기술부총리(배경훈),X(@msitminister),2h,AI 시대 국가 통신 인프라 전략 논의를 위한 통신 3사 CEO 간담회 개최,https://x.com/msitminister
2026-07-24 04:18,방통위(김종철),X(@jkim386_kmcc),6m,안전한 인공지능(AI) 활용 문화 확산 및 디지털 윤리 실천을 위한 '2026년 디지털윤리주간' 운영,https://x.com/jkim386_kmcc
2026-07-24 04:18,방통위(김종철),Facebook(jkim386.kmcc),2시간,'2026년 디지털윤리주간' 운영 소식,https://www.facebook.com/jkim386.kmcc/posts/pfbid0bZA65fr8DL4ZGpecZ58zVqVTA7GvfDEsYLKKF1aMrFHjeNWWf6rxrJ5wzHXkinjFl
2026-07-23 20:17,방통위(김종철),Facebook(jkim386.kmcc),1일,방송통신위원회 제24차 전체회의 개최,https://www.facebook.com/jkim386.kmcc/posts/pfbid0oyWP4U5ZjtEusf5CR79pp2evAaiUbMUvjFoPR7ERniXswc43nJSMsvBEkDPF5bkFl
2026-07-23 16:36,대통령(이재명),X(@Jaemyung_Lee),3h,미안합니다. 김영훈 노동부 장관님. 그런데 장관님이 잠 좀 못 주무시는만큼 누군가 죽을 사람들이 살아남습니다. 열심히 일해 주셔서 진심으로 감사합니다. 장관님 때문에 목숨을 건지고 가정을 지킨 사람들이 참 많습니다. 이경하 @igyeong51134506 5h ㅋㅋ 00:42,https://x.com/Jaemyung_Lee
2026-07-23 16:36,대통령(이재명),Facebook(jaemyunglee),1일,<청와대 청년 펠로우를 모십니다>… 더 보기,https://www.facebook.com/jaemyunglee/posts/pfbid02iMx7T6KEqVSRV1f9xTHmkMJr5yeW9oprvPL3Hf4qFT5dmNhESLJRfLFZkY3Drh9Nl
2026-07-23 16:36,개인정보보호위원회(송경희),Facebook(profile.php?id=100052519089631),3시간,오늘 개인정보보호위원회는 공공부문이 AX를 추진하는 과정에서 발생할 수 있는 개인정보 이슈와 필요한 안전조치 등을 담은 「공공 AX 프라이버시 보호 안내서」를 발간했습니다.… 더 보기,https://www.facebook.com/permalink.php?story_fbid=pfbid0eCGcmoz9nYKUgzs63iMhfqLafKG1NTDxJrJgijux1eg66qR22coTEES1TMP1mb8Sl&id=100052519089631
2026-07-23 14:06,개인정보보호위원회(송경희),X(@kh_song8),1h,공공부문 AI 전환(AX) 과정의 개인정보 보호 및 안전조치 가이드라인 발간,https://x.com/kh_song8
2026-07-23 14:06,개인정보보호위원회(송경희),Facebook(profile.php?id=100052519089631),1시간,공공부문 AI 전환(AX) 과정의 개인정보 보호 및 안전조치 가이드라인 발간,https://www.facebook.com/permalink.php?story_fbid=pfbid02iDsLFdBiTfWvbMKaCdAnDyqnCKxyU1rYbGuT7ru2ZiA3ktxbrrMYVBDcV59thYj4l&id=100052519089631
2026-07-23 05:58,개인정보보호위원회(송경희),X(@kh_song8),31m,개인정보보호위원회의 틱톡·애플 대상 개인정보 무단 수집 및 국외 이전에 따른 과징금 부과 및 시정명령 의결,https://x.com/kh_song8
2026-07-23 05:58,개인정보보호위원회(송경희),Facebook(profile.php?id=100052519089631),31분,개인정보보호위원회의 틱톡·애플 대상 개인정보 무단 수집 및 국외 이전에 따른 과징금 부과 및 시정명령 의결,https://www.facebook.com/permalink.php?story_fbid=pfbid0eHqdruqZHzTwNgPDAs6g2bu2Up2XZSBbBue2J26hXijftLSCjvCfmNAncMhC8x36l&id=100052519089631
2026-07-23 02:54,방통위(김종철),Facebook(jkim386.kmcc),15시간,방송통신위원회 제24차 전체회의 개최,https://www.facebook.com/jkim386.kmcc/posts/pfbid02sX9Zydhvb6KWURv2JtWcuSi4j4j5aBkt6BdLDQE4E4rj432GqR7kh1oJ7p3Xbvdcl
2026-07-22 15:10,대통령(이재명),Facebook(jaemyunglee),14시간,<청와대 청년 펠로우를 모십니다>… 더 보기,https://www.facebook.com/jaemyunglee/posts/pfbid0ezTvq4xcowQeVbFF4aBHrTep9pUY5GQ9FxrzwRKB3ypbaMyY1d4vtjRWec8JCuxUl
2026-07-22 12:30,대통령(이재명),X(@Jaemyung_Lee),1h,"엘살바도르, 콜롬비아, 라오스, 카자흐스탄, 탄자니아, 쿠웨이트, 나이지리아, 브라질의 신임 주한대사들로부터 신임장을 제정받았습니다. 양국 관계가 한층 더 발전할 수 있도록 든든한 가교 역할을 해주시길 부탁드렸습니다. 대한민국에 대한 깊은 애정을 전하며 최선을 다하겠다는 의지를 밝혀주신 더 보기",https://x.com/Jaemyung_Lee
2026-07-22 12:30,더불어민주당 대표(정청래),Facebook(cheongrae1),1시간,"<잠시후 9시, 2분뉴스 생방송에 출연합니다.>",https://www.facebook.com/cheongrae1/posts/pfbid0HB3iGkr1nmMcTpPN7ThH3uu6dv9WfB2sQCrV1S8R9nn11yzLFmC6PrauXC4UCKzZl
2026-07-22 09:02,개인정보보호위원회(송경희),Facebook(profile.php?id=100052519089631),1일,가명정보의 안전한 활용을 지원하는 '개인정보 이노베이션 존' 신규 운영기관 공모 진행,https://www.facebook.com/permalink.php?story_fbid=pfbid02NeC8U5hNLvAWFJUPDoBbqQFpU9kCDCe5jPCdFbxyAiVPxtgpCcrxzkTXk2wUuyH8l&id=100052519089631
2026-07-22 09:02,방통위(김종철),X(@jkim386_kmcc),23h,AI 기술을 활용해 불법·허위조작정보 유통 방지 등 방송통신 정책을 소개하는 숏폼 콘텐츠 공개,https://x.com/jkim386_kmcc
2026-07-22 09:02,방통위(김종철),Facebook(jkim386.kmcc),1일,AI 기술을 활용한 방송통신 정책 홍보 숏폼 콘텐츠 '정책플리' 공개,https://www.facebook.com/jkim386.kmcc/posts/pfbid0ukfx1z5hDzEQ5eanJp4BBgZaPxjeXPPWgxTbxGVsGkXqgXpufSwys3tLa3D2BPpLl
